country,year,imports_pct,exports_pct,source_edition
Austria,2011,-1.1,-0.2,2014ed
Austria,2017,-1.6,-2.5,2021ed
Austria,2018,-1.2,-2.2,2022ed
Austria,2019,-1.7,-4.2,2024ed
Austria,2020,-0.5,-2.1,2024ed
Austria,2021,-0.4,-3.6,2024ed
Austria,2022,-5.0,-6.6,2024ed
Belgium,2011,5.3,5.5,2014ed
Belgium,2017,4.8,3.8,2021ed
Belgium,2018,5.4,4.2,2022ed
Belgium,2019,3.2,4.1,2024ed
Belgium,2020,2.8,6.2,2024ed
Belgium,2021,10.3,8.5,2024ed
Belgium,2022,5.3,12.4,2024ed
Bulgaria,2011,3.0,7.8,2014ed
Bulgaria,2017,-0.9,2.2,2021ed
Bulgaria,2018,-1.1,4.9,2022ed
Bulgaria,2019,-1.6,1.8,2024ed
Bulgaria,2020,-1.0,1.5,2024ed
Bulgaria,2021,0.9,1.2,2024ed
Bulgaria,2022,-2.1,-8.3,2024ed
Croatia,2017,1.2,6.0,2021ed
Croatia,2018,-0.6,10.3,2022ed
Croatia,2019,-0.7,8.2,2024ed
Croatia,2020,0.8,11.4,2024ed
Croatia,2021,-1.8,4.9,2024ed
Croatia,2022,-3.4,3.0,2024ed
Cyprus,2011,-35.1,-92.2,2014ed
Cyprus,2017,-20.5,-43.3,2021ed
Cyprus,2018,-24.9,-39.2,2022ed
Cyprus,2019,-27.9,-31.6,2024ed
Cyprus,2020,-26.6,-52.9,2024ed
Cyprus,2021,-18.4,-58.6,2024ed
Cyprus,2022,-19.7,-67.2,2024ed
Czechia,2011,0.0,3.4,2014ed
Czechia,2017,1.4,5.0,2021ed
Czechia,2018,1.3,6.7,2022ed
Czechia,2019,2.3,7.9,2024ed
Czechia,2020,2.4,9.5,2024ed
Czechia,2021,3.7,8.3,2024ed
Czechia,2022,5.0,7.6,2024ed
Denmark,2011,-2.4,1.7,2014ed
Denmark,2017,-6.1,1.7,2021ed
Denmark,2018,-5.3,0.4,2022ed
Denmark,2019,-3.7,4.2,2024ed
Denmark,2020,-2.7,1.3,2024ed
Denmark,2021,-2.6,1.8,2024ed
Denmark,2022,-2.3,1.1,2024ed
EU,2017,-1.7,1.7,2021ed
EU,2018,-1.9,1.9,2022ed
EU,2019,-2.0,2.0,2024ed
EU,2020,-2.2,2.2,2024ed
EU,2021,-1.7,1.7,2024ed
EU,2022,-3.2,3.2,2024ed
Estonia,2011,1.5,3.7,2014ed
Estonia,2017,-4.2,4.5,2021ed
Estonia,2018,-4.4,4.3,2022ed
Estonia,2019,-4.1,6.0,2024ed
Estonia,2020,-7.3,3.2,2024ed
Estonia,2021,-6.6,9.5,2024ed
Estonia,2022,-2.6,-2.0,2024ed
Finland,2011,-0.1,-3.9,2014ed
Finland,2017,1.1,-2.6,2021ed
Finland,2018,1.9,-2.0,2022ed
Finland,2019,1.7,-4.3,2024ed
Finland,2020,2.0,-3.4,2024ed
Finland,2021,2.0,0.1,2024ed
Finland,2022,4.0,-3.6,2024ed
France,2011,-5.1,1.2,2014ed
France,2017,-4.2,-4.3,2021ed
France,2018,-3.1,-1.1,2022ed
France,2019,-4.7,-2.9,2024ed
France,2020,-5.5,-2.2,2024ed
France,2021,-5.2,-1.7,2024ed
France,2022,-3.9,-0.3,2024ed
Germany,2011,-1.1,2.4,2014ed
Germany,2017,-0.8,0.4,2021ed
Germany,2018,-0.7,0.1,2022ed
Germany,2019,-0.5,0.5,2024ed
Germany,2020,-2.6,-0.6,2024ed
Germany,2021,-3.0,-1.6,2024ed
Germany,2022,-7.4,-0.3,2024ed
Greece,2011,-2.4,5.7,2014ed
Greece,2017,0.4,11.4,2021ed
Greece,2018,-2.0,10.1,2022ed
Greece,2019,-1.3,16.8,2024ed
Greece,2020,-0.5,14.4,2024ed
Greece,2021,0.9,12.5,2024ed
Greece,2022,0.7,18.1,2024ed
Hungary,2011,2.2,7.9,2014ed
Hungary,2017,0.9,6.7,2021ed
Hungary,2018,0.3,6.9,2022ed
Hungary,2019,-0.9,6.6,2024ed
Hungary,2020,-1.8,6.5,2024ed
Hungary,2021,-1.5,7.1,2024ed
Hungary,2022,-0.8,8.5,2024ed
Ireland,2011,-8.3,-17.3,2014ed
Ireland,2017,21.9,-18.3,2021ed
Ireland,2018,12.6,-14.3,2022ed
Ireland,2019,21.1,-20.3,2024ed
Ireland,2020,13.9,-17.0,2024ed
Ireland,2021,9.9,-32.6,2024ed
Ireland,2022,7.9,-25.5,2024ed
Italy,2011,-1.1,5.9,2014ed
Italy,2017,-1.7,4.4,2021ed
Italy,2018,-3.4,3.6,2022ed
Italy,2019,-3.0,5.4,2024ed
Italy,2020,-3.7,3.3,2024ed
Italy,2021,-3.2,2.8,2024ed
Italy,2022,-1.5,4.4,2024ed
Latvia,2011,6.2,-9.4,2014ed
Latvia,2017,2.3,1.6,2021ed
Latvia,2018,2.0,-4.2,2022ed
Latvia,2019,5.8,0.9,2024ed
Latvia,2020,5.6,1.9,2024ed
Latvia,2021,5.7,2.7,2024ed
Latvia,2022,8.1,6.9,2024ed
Lithuania,2011,9.4,3.7,2014ed
Lithuania,2017,9.8,-2.6,2021ed
Lithuania,2018,9.0,-11.5,2022ed
Lithuania,2019,9.8,-10.7,2024ed
Lithuania,2020,13.4,2.9,2024ed
Lithuania,2021,9.5,2.1,2024ed
Lithuania,2022,10.5,-0.5,2024ed
Luxembourg,2011,-5.4,-5.2,2014ed
Luxembourg,2017,-7.1,-20.0,2021ed
Luxembourg,2018,-10.5,-21.1,2022ed
Luxembourg,2019,-8.2,-14.1,2024ed
Luxembourg,2020,-7.3,-17.7,2024ed
Luxembourg,2021,-7.9,-19.8,2024ed
Luxembourg,2022,-13.9,-20.8,2024ed
Malta,2011,-13.2,-32.5,2014ed
Malta,2017,-47.0,-27.8,2021ed
Malta,2018,-29.6,-25.8,2022ed
Malta,2019,-39.9,-26.2,2024ed
Malta,2020,-26.0,-25.8,2024ed
Malta,2021,-42.1,-49.2,2024ed
Malta,2022,-49.0,-48.7,2024ed
Netherlands,2011,-5.7,4.7,2014ed
Netherlands,2017,-5.9,4.8,2021ed
Netherlands,2018,-7.7,3.8,2022ed
Netherlands,2019,-4.9,5.0,2024ed
Netherlands,2020,-3.7,5.3,2024ed
Netherlands,2021,-3.8,5.2,2024ed
Netherlands,2022,-3.6,11.1,2024ed
Poland,2011,-8.1,4.6,2014ed
Poland,2017,-6.2,4.4,2021ed
Poland,2018,-5.8,4.8,2022ed
Poland,2019,-6.8,4.3,2024ed
Poland,2020,-7.0,5.1,2024ed
Poland,2021,-7.3,5.5,2024ed
Poland,2022,-6.0,4.4,2024ed
Portugal,2011,1.7,9.3,2014ed
Portugal,2017,3.8,13.7,2021ed
Portugal,2018,4.3,13.7,2022ed
Portugal,2019,2.5,15.4,2024ed
Portugal,2020,1.3,12.6,2024ed
Portugal,2021,0.2,11.2,2024ed
Portugal,2022,0.2,11.1,2024ed
Romania,2011,2.6,10.4,2014ed
Romania,2017,-0.3,3.9,2021ed
Romania,2018,-2.1,1.6,2022ed
Romania,2019,-1.7,3.0,2024ed
Romania,2020,1.4,8.2,2024ed
Romania,2021,3.4,7.8,2024ed
Romania,2022,7.5,7.5,2024ed
Slovakia,2011,-2.5,7.7,2014ed
Slovakia,2017,0.8,5.3,2021ed
Slovakia,2018,2.1,6.0,2022ed
Slovakia,2019,2.4,5.3,2024ed
Slovakia,2020,1.7,8.3,2024ed
Slovakia,2021,1.6,5.6,2024ed
Slovakia,2022,1.0,3.8,2024ed
Slovenia,2011,4.6,13.6,2014ed
Slovenia,2017,-0.4,9.2,2021ed
Slovenia,2018,-1.1,10.5,2022ed
Slovenia,2019,-0.2,10.8,2024ed
Slovenia,2020,1.6,11.1,2024ed
Slovenia,2021,2.8,10.6,2024ed
Slovenia,2022,-1.1,6.6,2024ed
Spain,2011,0.5,7.3,2014ed
Spain,2017,-1.6,6.4,2021ed
Spain,2018,-2.0,6.3,2022ed
Spain,2019,-2.6,4.7,2024ed
Spain,2020,-0.9,4.4,2024ed
Spain,2021,-1.5,3.8,2024ed
Spain,2022,-0.1,4.2,2024ed
Sweden,2011,0.9,-3.8,2014ed
Sweden,2017,-3.9,-7.4,2021ed
Sweden,2018,-3.1,-7.1,2022ed
Sweden,2019,-4.1,-7.1,2024ed
Sweden,2020,-3.4,-5.9,2024ed
Sweden,2021,-3.1,-5.8,2024ed
Sweden,2022,-3.3,-7.4,2024ed
United Kingdom,2011,-6.4,-3.7,2014ed
